{
  "Author": "This file was created by WorldTools 1.2.8 (https://github.com/Avanatiker/WorldTools/)",
  "stats": {
    "minecraft:picked_up": {
      "minecraft:shulker_shell": 3,
      "minecraft:iron_chestplate": 5,
      "minecraft:wheat": 100,
      "minecraft:anvil": 1,
      "minecraft:diamond_sword": 2,
      "minecraft:string": 8,
      "minecraft:cooked_salmon": 4,
      "minecraft:iron_leggings": 11,
      "minecraft:pufferfish": 4,
      "minecraft:zombie_head": 1,
      "minecraft:oak_sign": 3,
      "minecraft:gold_nugget": 94,
      "minecraft:cobbled_deepslate": 1702,
      "minecraft:bucket": 1,
      "minecraft:spruce_planks": 7,
      "minecraft:iron_pickaxe": 5,
      "minecraft:furnace": 2,
      "minecraft:iron_boots": 10,
      "minecraft:golden_helmet": 3,
      "minecraft:stick": 241,
      "minecraft:oak_fence": 2,
      "minecraft:torch": 38,
      "minecraft:spruce_stairs": 2,
      "minecraft:porkchop": 1,
      "minecraft:pointed_dripstone": 6,
      "minecraft:diorite": 36,
      "minecraft:warped_pressure_plate": 1,
      "minecraft:quartz_block": 5,
      "minecraft:stone_sword": 11,
      "minecraft:rotten_flesh": 21,
      "minecraft:iron_block": 2,
      "minecraft:obsidian": 4,
      "minecraft:cod": 17,
      "minecraft:snowball": 17,
      "minecraft:cobblestone": 2583,
      "minecraft:magma_block": 293,
      "minecraft:feather": 4,
      "minecraft:cooked_beef": 75,
      "minecraft:andesite": 46,
      "minecraft:golden_leggings": 1,
      "minecraft:flint": 21,
      "minecraft:tuff": 71,
      "minecraft:gray_concrete": 23,
      "minecraft:lapis_lazuli": 149,
      "minecraft:dirt": 244,
      "minecraft:twisting_vines": 1,
      "minecraft:glass": 1,
      "minecraft:bone": 9,
      "minecraft:wheat_seeds": 306,
      "minecraft:raw_gold": 31,
      "minecraft:pale_oak_log": 45,
      "minecraft:bamboo": 104,
      "minecraft:moss_block": 1,
      "minecraft:oak_planks": 15,
      "minecraft:stone_hoe": 2,
      "minecraft:cooked_porkchop": 1,
      "minecraft:sand": 58,
      "minecraft:ink_sac": 3,
      "minecraft:sugar": 3,
      "minecraft:deepslate": 654,
      "minecraft:diamond": 213,
      "minecraft:crossbow": 9,
      "minecraft:granite": 116,
      "minecraft:golden_apple": 12,
      "minecraft:chainmail_helmet": 2,
      "minecraft:emerald": 9,
      "minecraft:bread": 212,
      "minecraft:oak_sapling": 7,
      "minecraft:netherrack": 1998,
      "minecraft:diamond_pickaxe": 17,
      "minecraft:fishing_rod": 6,
      "minecraft:crafting_table": 2,
      "minecraft:chicken": 2,
      "minecraft:brown_mushroom": 5,
      "minecraft:wooden_pickaxe": 1,
      "minecraft:shield": 3,
      "minecraft:iron_axe": 9,
      "minecraft:item_frame": 1,
      "minecraft:iron_shovel": 1,
      "minecraft:blackstone": 70,
      "minecraft:oak_boat": 1,
      "minecraft:player_head": 14,
      "minecraft:poppy": 4,
      "minecraft:lectern": 1,
      "minecraft:sugar_cane": 251,
      "minecraft:birch_sapling": 1,
      "minecraft:egg": 2,
      "minecraft:phantom_membrane": 1,
      "minecraft:raw_iron": 62,
      "minecraft:end_stone": 3,
      "minecraft:stone": 63,
      "minecraft:oak_door": 2,
      "minecraft:bowl": 6,
      "minecraft:cookie": 30,
      "minecraft:carrot": 1,
      "minecraft:redstone": 73,
      "minecraft:arrow": 70,
      "minecraft:diamond_chestplate": 6,
      "minecraft:cooked_cod": 17,
      "minecraft:shears": 1,
      "minecraft:saddle": 1,
      "minecraft:mutton": 6,
      "minecraft:white_wool": 7,
      "minecraft:glow_ink_sac": 1,
      "minecraft:salmon": 6,
      "minecraft:filled_map": 4,
      "minecraft:oak_log": 53,
      "minecraft:chainmail_chestplate": 2,
      "minecraft:ancient_debris": 8,
      "minecraft:gunpowder": 1,
      "minecraft:white_banner": 2,
      "minecraft:cooked_mutton": 55,
      "minecraft:red_carpet": 2,
      "minecraft:kelp": 2,
      "minecraft:iron_ingot": 331,
      "minecraft:stone_pickaxe": 3,
      "minecraft:cooked_chicken": 2,
      "minecraft:iron_ore": 5,
      "minecraft:glass_bottle": 5,
      "minecraft:iron_sword": 5,
      "minecraft:soul_sand": 2,
      "minecraft:scaffolding": 3,
      "minecraft:quartz": 10,
      "minecraft:dandelion": 1,
      "minecraft:spyglass": 1,
      "minecraft:dripstone_block": 9,
      "minecraft:gravel": 34,
      "minecraft:birch_stairs": 1,
      "minecraft:amethyst_shard": 28,
      "minecraft:spruce_sapling": 4,
      "minecraft:spruce_log": 29,
      "minecraft:spider_eye": 1,
      "minecraft:stone_axe": 6,
      "minecraft:iron_helmet": 5,
      "minecraft:diamond_axe": 3,
      "minecraft:baked_potato": 1,
      "minecraft:magenta_concrete": 13,
      "minecraft:coal": 37,
      "minecraft:wooden_axe": 1
    },
    "minecraft:used": {
      "minecraft:moss_block": 1,
      "minecraft:oak_sign": 3,
      "minecraft:chest": 4,
      "minecraft:shield": 31,
      "minecraft:iron_sword": 54,
      "minecraft:player_head": 8,
      "minecraft:iron_chestplate": 2,
      "minecraft:mutton": 1,
      "minecraft:tuff": 4,
      "minecraft:quartz_block": 5,
      "minecraft:iron_helmet": 2,
      "minecraft:magma_block": 2,
      "minecraft:scaffolding": 3,
      "minecraft:furnace": 4,
      "minecraft:oak_sapling": 6,
      "minecraft:egg": 1,
      "minecraft:diorite": 14,
      "minecraft:stone_pickaxe": 106,
      "minecraft:oak_planks": 51,
      "minecraft:blackstone": 17,
      "minecraft:wooden_pickaxe": 35,
      "minecraft:chainmail_helmet": 2,
      "minecraft:diamond_axe": 12,
      "minecraft:sugar_cane": 82,
      "minecraft:cookie": 18,
      "minecraft:sand": 47,
      "minecraft:crossbow": 4,
      "minecraft:dripstone_block": 1,
      "minecraft:end_stone": 3,
      "minecraft:bread": 98,
      "minecraft:lectern": 1,
      "minecraft:gravel": 6,
      "minecraft:golden_helmet": 2,
      "minecraft:diamond_sword": 126,
      "minecraft:andesite": 13,
      "minecraft:stone_sword": 133,
      "minecraft:spruce_planks": 7,
      "minecraft:cooked_chicken": 2,
      "minecraft:netherrack": 9,
      "minecraft:torch": 18,
      "minecraft:dirt": 64,
      "minecraft:twisting_vines": 1,
      "minecraft:chainmail_chestplate": 2,
      "minecraft:spruce_stairs": 2,
      "minecraft:iron_axe": 4,
      "minecraft:iron_boots": 5,
      "minecraft:diamond_chestplate": 3,
      "minecraft:cooked_beef": 46,
      "minecraft:cobbled_deepslate": 21,
      "minecraft:iron_leggings": 3,
      "minecraft:wheat_seeds": 129,
      "minecraft:cooked_mutton": 4,
      "minecraft:spruce_sign": 3,
      "minecraft:crafting_table": 4,
      "minecraft:diamond_pickaxe": 2212,
      "minecraft:iron_pickaxe": 89,
      "minecraft:stone_axe": 10,
      "minecraft:fishing_rod": 44,
      "minecraft:cobblestone": 299,
      "minecraft:white_banner": 2,
      "minecraft:cooked_porkchop": 1,
      "minecraft:birch_stairs": 1
    },
    "minecraft:dropped": {
      "minecraft:iron_sword": 3,
      "minecraft:soul_sand": 2,
      "minecraft:brown_mushroom": 5,
      "minecraft:lapis_lazuli": 43,
      "minecraft:diamond_axe": 3,
      "minecraft:cooked_beef": 14,
      "minecraft:oak_log": 30,
      "minecraft:baked_potato": 1,
      "minecraft:glow_ink_sac": 1,
      "minecraft:glass_bottle": 5,
      "minecraft:diamond": 19,
      "minecraft:crossbow": 6,
      "minecraft:cookie": 2,
      "minecraft:red_carpet": 1,
      "minecraft:item_frame": 1,
      "minecraft:flint": 14,
      "minecraft:warped_pressure_plate": 1,
      "minecraft:dirt": 68,
      "minecraft:gray_concrete": 23,
      "minecraft:mutton": 5,
      "minecraft:cooked_cod": 5,
      "minecraft:snowball": 1,
      "minecraft:amethyst_shard": 28,
      "minecraft:phantom_membrane": 1,
      "minecraft:sand": 11,
      "minecraft:iron_pickaxe": 1,
      "minecraft:fishing_rod": 2,
      "minecraft:white_wool": 7,
      "minecraft:bone": 9,
      "minecraft:oak_door": 2,
      "minecraft:gravel": 27,
      "minecraft:stone_axe": 1,
      "minecraft:blackstone": 33,
      "minecraft:spyglass": 1,
      "minecraft:ancient_debris": 4,
      "minecraft:cobbled_deepslate": 1420,
      "minecraft:wheat": 18,
      "minecraft:birch_sapling": 1,
      "minecraft:obsidian": 4,
      "minecraft:pointed_dripstone": 4,
      "minecraft:rotten_flesh": 16,
      "minecraft:oak_planks": 1,
      "minecraft:chainmail_chestplate": 1,
      "minecraft:shulker_shell": 3,
      "minecraft:poppy": 4,
      "minecraft:iron_ore": 5,
      "minecraft:arrow": 33,
      "minecraft:netherrack": 922,
      "minecraft:egg": 1,
      "minecraft:stone_hoe": 2,
      "minecraft:iron_ingot": 9,
      "minecraft:bread": 51,
      "minecraft:wheat_seeds": 42,
      "minecraft:golden_helmet": 1,
      "minecraft:pale_oak_log": 45,
      "minecraft:dripstone_block": 8,
      "minecraft:feather": 4,
      "minecraft:oak_fence": 2,
      "minecraft:iron_helmet": 1,
      "minecraft:cobblestone": 1652,
      "minecraft:granite": 128,
      "minecraft:chainmail_helmet": 1,
      "minecraft:stick": 11,
      "minecraft:pufferfish": 4,
      "minecraft:diorite": 22,
      "minecraft:ink_sac": 3,
      "minecraft:torch": 12,
      "minecraft:wooden_axe": 1,
      "minecraft:cooked_salmon": 2,
      "minecraft:zombie_head": 1,
      "minecraft:iron_leggings": 2,
      "minecraft:string": 2,
      "minecraft:bucket": 1,
      "minecraft:spruce_sapling": 2,
      "minecraft:dandelion": 1,
      "minecraft:redstone": 73,
      "minecraft:anvil": 1,
      "minecraft:kelp": 2,
      "minecraft:player_head": 3,
      "minecraft:stone_sword": 6,
      "minecraft:bowl": 5,
      "minecraft:deepslate": 654,
      "minecraft:tuff": 58,
      "minecraft:raw_iron": 17,
      "minecraft:iron_boots": 2,
      "minecraft:magenta_concrete": 13,
      "minecraft:oak_sign": 2,
      "minecraft:shears": 1,
      "minecraft:filled_map": 4,
      "minecraft:diamond_sword": 2,
      "minecraft:stone": 63,
      "minecraft:diamond_chestplate": 1,
      "minecraft:spruce_planks": 13,
      "minecraft:diamond_pickaxe": 10,
      "minecraft:iron_chestplate": 1,
      "minecraft:andesite": 24,
      "minecraft:oak_boat": 1,
      "minecraft:golden_leggings": 1,
      "minecraft:oak_sapling": 1,
      "minecraft:spider_eye": 1,
      "minecraft:spruce_log": 18,
      "minecraft:stone_pickaxe": 3,
      "minecraft:wooden_pickaxe": 2,
      "minecraft:magma_block": 318
    },
    "minecraft:mined": {
      "minecraft:spruce_planks": 4,
      "minecraft:oak_sapling": 1,
      "minecraft:granite": 22,
      "minecraft:grass_block": 18,
      "minecraft:tall_seagrass": 3,
      "minecraft:fire": 5,
      "minecraft:iron_ore": 25,
      "minecraft:cobbled_deepslate": 10,
      "minecraft:deepslate_lapis_ore": 6,
      "minecraft:pointed_dripstone": 2,
      "minecraft:deepslate_redstone_ore": 18,
      "minecraft:quartz_block": 5,
      "minecraft:player_wall_head": 2,
      "minecraft:torch": 3,
      "minecraft:cobblestone": 60,
      "minecraft:sugar_cane": 128,
      "minecraft:oak_planks": 2,
      "minecraft:wall_torch": 8,
      "minecraft:seagrass": 3,
      "minecraft:wheat": 103,
      "minecraft:oak_log": 23,
      "minecraft:sand": 3,
      "minecraft:dirt": 28,
      "minecraft:netherrack": 80,
      "minecraft:oak_leaves": 3,
      "minecraft:deepslate": 1243,
      "minecraft:diamond_ore": 7,
      "minecraft:tuff": 38,
      "minecraft:red_carpet": 1,
      "minecraft:deepslate_diamond_ore": 59,
      "minecraft:red_stained_glass": 1,
      "minecraft:end_stone": 3,
      "minecraft:spruce_leaves": 2,
      "minecraft:moss_block": 1,
      "minecraft:furnace": 2,
      "minecraft:andesite": 40,
      "minecraft:deepslate_iron_ore": 34,
      "minecraft:bamboo": 4,
      "minecraft:stone": 710,
      "minecraft:birch_stairs": 1,
      "minecraft:scaffolding": 3,
      "minecraft:glass_pane": 1,
      "minecraft:soul_sand": 1,
      "minecraft:dandelion": 1,
      "minecraft:crafting_table": 2,
      "minecraft:short_grass": 61,
      "minecraft:lectern": 1,
      "minecraft:tall_grass": 7,
      "minecraft:deepslate_gold_ore": 13,
      "minecraft:diorite": 15,
      "minecraft:spruce_stairs": 1,
      "minecraft:ice": 3,
      "minecraft:spruce_log": 7,
      "minecraft:white_wall_banner": 2,
      "minecraft:bee_nest": 1,
      "minecraft:coal_ore": 34,
      "minecraft:dripstone_block": 2,
      "minecraft:gravel": 39,
      "minecraft:fern": 2
    },
    "minecraft:crafted": {
      "minecraft:oak_planks": 156,
      "minecraft:oak_sign": 3,
      "minecraft:cooked_mutton": 1,
      "minecraft:diamond_helmet": 1,
      "minecraft:diamond_leggings": 1,
      "minecraft:iron_boots": 1,
      "minecraft:chest": 4,
      "minecraft:diamond_axe": 1,
      "minecraft:crafting_table": 2,
      "minecraft:spruce_planks": 44,
      "minecraft:iron_helmet": 2,
      "minecraft:wooden_pickaxe": 2,
      "minecraft:iron_chestplate": 1,
      "minecraft:diamond_pickaxe": 1,
      "minecraft:stick": 20,
      "minecraft:iron_ingot": 28,
      "minecraft:iron_pickaxe": 1,
      "minecraft:stone_sword": 2,
      "minecraft:gold_ingot": 14,
      "minecraft:fishing_rod": 1,
      "minecraft:furnace": 2,
      "minecraft:stone_pickaxe": 2,
      "minecraft:diamond_boots": 1,
      "minecraft:golden_helmet": 1,
      "minecraft:diamond_sword": 1,
      "minecraft:spruce_sign": 3,
      "minecraft:iron_sword": 1,
      "minecraft:stone_axe": 2,
      "minecraft:bread": 27,
      "minecraft:iron_leggings": 3,
      "minecraft:torch": 8
    },
    "minecraft:broken": {
      "minecraft:golden_helmet": 1,
      "minecraft:shield": 1
    },
    "minecraft:custom": {
      "minecraft:interact_with_crafting_table": 36,
      "minecraft:open_barrel": 11,
      "minecraft:open_shulker_box": 16,
      "minecraft:bell_ring": 2,
      "minecraft:leave_game": 102,
      "minecraft:time_since_death": 431745,
      "minecraft:sprint_one_cm": 1789179,
      "minecraft:damage_blocked_by_shield": 2257,
      "minecraft:drop": 700,
      "minecraft:play_time": 941586,
      "minecraft:deaths": 23,
      "minecraft:jump": 11759,
      "minecraft:walk_on_water_one_cm": 108717,
      "minecraft:interact_with_furnace": 48,
      "minecraft:sleep_in_bed": 3,
      "minecraft:damage_dealt": 13173,
      "minecraft:crouch_one_cm": 35726,
      "minecraft:interact_with_smithing_table": 1,
      "minecraft:inspect_dropper": 5,
      "minecraft:mob_kills": 70,
      "minecraft:inspect_hopper": 1,
      "minecraft:interact_with_campfire": 25,
      "minecraft:climb_one_cm": 7742,
      "minecraft:walk_one_cm": 1676839,
      "minecraft:sneak_time": 18180,
      "minecraft:walk_under_water_one_cm": 54384,
      "minecraft:boat_one_cm": 162681,
      "minecraft:interact_with_lectern": 2,
      "minecraft:total_world_time": 952290,
      "minecraft:time_since_rest": 82662,
      "minecraft:damage_taken": 14292,
      "minecraft:swim_one_cm": 45336,
      "minecraft:fly_one_cm": 2009737,
      "minecraft:open_chest": 198,
      "minecraft:fish_caught": 24,
      "minecraft:fall_one_cm": 173381
    },
    "minecraft:killed": {
      "minecraft:spider": 8,
      "minecraft:skeleton": 14,
      "minecraft:chicken": 3,
      "minecraft:pig": 1,
      "minecraft:salmon": 1,
      "minecraft:creeper": 1,
      "minecraft:sheep": 4,
      "minecraft:pillager": 4,
      "minecraft:zombie": 29,
      "minecraft:phantom": 3
    },
    "minecraft:killed_by": {
      "minecraft:creeper": 3,
      "minecraft:zombie": 2,
      "minecraft:player": 12,
      "minecraft:skeleton": 4
    }
  },
  "DataVersion": 4189
}