{"stats":{"minecraft:used":{"minecraft:player_head":1},"minecraft:custom":{"minecraft:jump":3,"minecraft:time_since_rest":4082,"minecraft:walk_on_water_one_cm":388,"minecraft:leave_game":2,"minecraft:play_time":4082,"minecraft:damage_taken":30,"minecraft:time_since_death":4082,"minecraft:walk_one_cm":5527,"minecraft:sneak_time":200,"minecraft:total_world_time":4122,"minecraft:walk_under_water_one_cm":1750,"minecraft:drop":6,"minecraft:fly_one_cm":615992},"minecraft:dropped":{"minecraft:potato":1,"minecraft:beetroot_seeds":1,"minecraft:carrot":2,"minecraft:compass":1,"minecraft:player_head":1},"minecraft:picked_up":{"minecraft:carrot":2,"minecraft:beetroot_seeds":1,"minecraft:potato":1}},"DataVersion":4189}